num_group,modularity,size,mu
5,0.40888050932402376,1000,0.3
5,0.37412746239156286,1000,0.3
5,0.4132570262117079,1000,0.3
5,0.38352686150158743,1000,0.3
5,0.4646497878465156,1000,0.3
