num_group,modularity,size,mu
6,0.4286776865780745,500,0.3
6,0.4598443624216718,500,0.3
6,0.42864960200601376,500,0.3
6,0.5096887026921317,500,0.3
6,0.4587435263083613,500,0.3
