num_group,modularity,size,mu
3,0.5594102793796243,500,0.1
3,0.4283598166892293,500,0.3
3,0.24076633704226916,500,0.75
6,0.6702425946115613,1000,0.1
6,0.4772035535639136,1000,0.3
6,0.22634149358187286,1000,0.75
