num_group,modularity,size,mu
7,0.23621712353772167,500,0.75
7,0.24216060062538688,500,0.75
7,0.23071046491325536,500,0.75
7,0.24799439691433472,500,0.75
7,0.2440951730924906,500,0.75
