num_group,modularity,size,mu
6,0.6125534608380482,1000,0.1
6,0.6984100727948757,1000,0.1
6,0.6530899481183468,1000,0.1
6,0.6453797551207682,1000,0.1
6,0.606166928805099,1000,0.1
